seed,mean_fill_mae,nn_mae,mf_only_mae,mf_no_conformal_mae,mf_no_conformal_auc,manifoldguard_mae,manifoldguard_auc,manifoldguard_coverage,manifoldguard_quantile
0,0.106817,0.064171,0.074526,0.074526,0.736111,0.074526,0.736111,0.935897,0.196571
1,0.080390,0.048264,0.052861,0.052861,0.709722,0.052861,0.709722,0.931034,0.121197
2,0.098836,0.068291,0.068556,0.068556,0.478175,0.068556,0.478175,0.769231,0.128498
3,0.083514,0.089891,0.079328,0.079328,0.753704,0.079328,0.753704,0.987654,0.403007
4,0.095479,0.071049,0.069102,0.069102,0.599537,0.069102,0.599537,0.911111,0.170172
