seed,mean_fill_mae,nn_mae,mf_only_mae,mf_no_conformal_mae,mf_no_conformal_auc,manifoldguard_mae,manifoldguard_auc,manifoldguard_coverage,manifoldguard_quantile
0,0.096170,0.057209,0.050871,0.050871,0.579365,0.050871,0.579365,0.846004,0.099716
1,0.111007,0.056002,0.058263,0.058263,0.541964,0.058263,0.541964,0.933712,0.140572
2,0.105949,0.055375,0.051727,0.051727,0.770833,0.051727,0.770833,0.918561,0.124874
3,0.087524,0.048941,0.049105,0.049105,0.365179,0.049105,0.365179,0.902534,0.103185
4,0.118846,0.051381,0.056594,0.056594,0.199107,0.056594,0.199107,0.939571,0.140796
