bin_left,bin_right,mean_probability,mean_hidden_mae,failure_rate,count
0.00,0.20,0.123779,0.072146,0.241071,112
0.20,0.40,0.267101,0.085024,0.297297,37
0.40,0.60,0.500471,0.086503,0.333333,6
0.60,0.80,0.696630,0.113599,0.500000,2
0.80,1.00,0.998632,0.150531,0.800000,5
