train_models,test_models,episodes,completion_mae,failure_auc,conformal_coverage,conformal_quantile
44,15,75,0.06372665443428752,0.5465784215784216,0.9307692307692308,0.17631903847216557
