seed,completion_mae,failure_auc,conformal_coverage,conformal_quantile
0,0.074526,0.736111,0.935897,0.196571
1,0.052861,0.709722,0.931034,0.121197
2,0.068555,0.478175,0.769231,0.128498
3,0.079328,0.753704,0.987654,0.403007
4,0.069102,0.599537,0.911111,0.170172
