risk_threshold,episodes_accepted_mean,episodes_accepted_std,benchmarks_avoided_fraction_mean,benchmarks_avoided_fraction_std,accepted_mae_mean,accepted_mae_std,accepted_failure_rate_mean,accepted_failure_rate_std
0.20,0.497778,0.142811,0.495975,0.142998,0.073612,0.012433,0.262939,0.115647
0.30,0.626667,0.175260,0.622036,0.178171,0.077241,0.012752,0.272169,0.061607
0.35,0.653333,0.186322,0.649349,0.191441,0.076476,0.013552,0.261332,0.058459
0.40,0.662222,0.189476,0.656920,0.194895,0.077091,0.013378,0.262910,0.050843
0.50,0.675556,0.184992,0.670381,0.193477,0.077734,0.013829,0.265307,0.051799
